Text,Image URL,Tags,Posting Time
"Stardust to Sovereignty™

A coherence architecture that makes structure visible. Patterns of intelligence organize across biological, perceptual, relational, and cosmic scales. When alignment occurs, structure becomes legible.","","#stardusttosovereignty #consciousnesstechnology #structuralcoherence #systemsintelligence #consciousness #consciousnesscommunity","2026-02-28 10:00"
"Patterns repeat.
Structure holds.
Coherence emerges.
What do you already recognize?","","#stardusttosovereignty #sovereignfield #structuralcoherence #patternrecognition #systemsthinking #systemsthinkers","2026-03-02 10:00"
"Stardust to Sovereignty

Stardust to Sovereignty is an integrated architectural framework that enables orientation within complexity through alignment rather than interpretation. It brings structure into view, making the underlying patterns of consciousness, time, and intelligence legible across biological, perceptual, relational, and temporal domains.","","#stardusttosovereignty #consciousnesstechnology #structuralcoherence #systemsintelligence #philosophy #philosophycommunity","2026-03-04 10:00"